height,affiliateid,countryoforiginname,weight,affiliatename,status,bibid,competitorid,firstname,gender,age,lastname,countryoforigincode,competitorname,overallrank,overallscore,division
1.74,44632,United States,88.5,CrossFit Mayhem,ACT,16,153604,Mathew,M,29,Fraser,US,Mathew Fraser,1,984,Men
1.74,44800,United States,86.2,Peak 360 CrossFit,ACT,302,2725,Noah,M,28,Ohlsen,US,Noah Ohlsen,2,949,Men
1.55,44753,Iceland,83.9,CrossFit Hengill,ACT,122,81616,Björgvin Karl,M,26,Guðmundsson,IS,Björgvin Karl Guðmundsson,3,888,Men
1.8,44597,United States,84.8,CrossFit Mentality,ACT,105,34796,Scott,M,31,Panchik,US,Scott Panchik,4,795,Men
1.55,44792,Australia,87.1,CrossFit Mode,ACT,303,16080,James,M,28,Newbury,AU,James Newbury,5,728,Men
1.77,44590,United States,87.1,Cobra Command CrossFit,ACT,101,199938,Jacob,M,29,Heppner,US,Jacob Heppner,6,694,Men
1.71,44805,Australia,82.1,CrossFit Crossaxed,ACT,311,660204,Matt,M,26,Mcleod,AU,Matt Mcleod,7,671,Men
1.77,,Switzerland,84.8,,ACT,135,698182,Adrian,M,26,Mundwiler,CH,Adrian Mundwiler,8,632,Men
1.8,44969,United States,83.9,CrossFit Cliffside,ACT,310,310970,Saxon,M,23,Panchik,US,Saxon Panchik,9,587,Men
1.8,44802,United States,86.2,CrossFit Trivium,ACT,309,35627,Will,M,30,Moorad,US,Will Moorad,10,485,Men
1.55,44588,United States,91.6,CrossFit Spokane Valley,CUT,102,153625,Cole,M,28,Sager,US,Cole Sager,11,368,Men
1.56,44599,United States,89.8,CrossFit Passion,CUT,108,1690,Travis,M,28,Mayer,US,Travis Mayer,12,368,Men
1.56,,United States,90.7,,CUT,111,74320,Samuel,M,23,Kwant,US,Samuel Kwant,13,349,Men
1.74,44700,United States,82.6,CrossFit Rejoice,CUT,113,123764,Logan,M,28,Collins,US,Logan Collins,14,340,Men
1.77,44804,United States,87.5,CrossFit Sacrifice,CUT,312,469626,Chandler,M,26,Smith,US,Chandler Smith,15,329,Men
1.56,44773,Canada,88.5,CrossFit Solid Ground,CUT,119,158264,Patrick,M,29,Vellner,CA,Patrick Vellner,16,322,Men
1.83,44756,Sweden,95.7,CrossFit Nordic,CUT,128,24309,Lukas,M,28,Högberg,SE,Lukas Högberg,17,319,Men
1.83,44658,Germany,86.2,CrossFit Flensburg,CUT,136,286691,Joshua,M,27,Wichtrup,DE,Joshua Wichtrup,18,315,Men
1.86,44663,United Kingdom,89.8,CrossFit Yas,CUT,132,86089,Elliot,M,25,Simmonds,GB,Elliot Simmonds,19,303,Men
1.83,44593,Denmark,86.2,CrossFit Skodsborg,CUT,115,230757,Casper,M,28,Gammelmark,DK,Casper Gammelmark,20,251,Men
1.55,44688,France,86.2,CrossFit Lutece,CUT,130,702092,Willy,M,26,Georges,FR,Willy Georges,21,245,Men
1.55,44977,United States,83.9,Solidarity CrossFit,CUT,316,111592,Connor,M,26,Duddy,US,Connor Duddy,22,244,Men
1.89,44790,Canada,98.4,Kelowna CrossFit,CUT,308,107101,Brent,M,28,Fikowski,CA,Brent Fikowski,23,243,Men
1.8,44789,United States,87.1,CrossFit Powerstroke,CUT,304,134617,Sean,M,27,Sweeney,US,Sean Sweeney,24,236,Men
1.56,44602,Canada,94.3,CrossFit Quebec City,CUT,116,180541,Alex,M,27,Vigneault,CA,Alex Vigneault,25,233,Men
1.83,44676,Ireland,95.3,CrossFit 8020,CUT,146,461734,Michael,M,27,Smith,IE,Michael Smith,26,224,Men
1.55,44626,China,88,CrossFit CFPT,CUT,145,23655,Ant,M,29,Haynes,CN,Ant Haynes,27,218,Men
1.56,44795,United States,88.5,CrossFit Krypton,CUT,15,43761,Ben,M,29,Smith,US,Ben Smith,28,217,Men
1.86,44766,South Africa,88.5,CrossFit Kyalami,CUT,137,120333,Jason,M,35,Smith,ZA,Jason Smith,29,216,Men
1.77,44782,United States,86.2,Ft. Wright CrossFit,CUT,313,682551,Ryan,M,25,Sowder,US,Ryan Sowder,30,208,Men
1.8,44689,Latvia,83.9,CrossFit Riga,CUT,125,472642,Uldis,M,21,Upenieks,LV,Uldis Upenieks,31,194,Men
1.8,44606,United States,83.9,BrewCity CrossFit,CUT,103,329279,George,M,20,Sterner,US,George Sterner,32,194,Men
1.8,44595,Canada,89.4,CrossFit Wonderland,CUT,117,469656,Jeffrey,M,25,Adler,CA,Jeffrey Adler,33,193,Men
1.56,44725,Switzerland,90.7,CrossFit Kreis 9,CUT,307,2766,Lukas,M,26,Esslinger,CH,Lukas Esslinger,34,191,Men
1.56,44600,Canada,88.5,Deka CrossFit,CUT,104,327636,Samuel,M,23,Cournoyer,CA,Samuel Cournoyer,35,186,Men
1.77,44741,Australia,87.1,CrossFit Lionmode,CUT,118,8690,Dean,M,28,Linder-Leighton,AU,Dean Linder-Leighton,36,170,Men
1.74,44725,Finland,84.8,CrossFit Kreis 9,CUT,131,173837,Jonne,M,24,Koski,FI,Jonne Koski,37,165,Men
1.56,44591,United States,90.7,CrossFit Invictus,CUT,114,28040,Eric,M,31,Carmody,US,Eric Carmody,38,160,Men
1.55,44752,United States,83.9,LumberYard CrossFit,CUT,106,501728,Jason,M,30,Carroll,US,Jason Carroll,39,159,Men
1.83,44702,Norway,92.1,CrossFit Sandvika,CUT,152,542883,Nicolay,M,29,Billaudel,NO,Nicolay Billaudel,40,154,Men
1.83,44948,United States,95.3,CrossFit Fond du Lac,CUT,314,8325,Nick,M,33,Bloch,US,Nick Bloch,41,116,Men
1.83,,Poland,98.9,,CUT,305,250172,Bronislaw,M,30,Olenkowicz,PL,Bronislaw Olenkowicz,42,112,Men
1.8,44669,Lithuania,87.1,CrossFit 82,CUT,143,432338,Arminas,M,26,Balevicius,LT,Arminas Balevicius,43,108,Men
1.56,44623,Egypt,92.1,CrossFit MetaliZe,CUT,173,487949,Mohamed,M,31,Elomda,EG,Mohamed Elomda,44,100,Men
1.56,44592,Sweden,94.8,CrossFit Riders,CUT,112,106655,Simon,M,28,Mäntylä,SE,Simon Mäntylä,45,99,Men
1.55,44794,United States,87.1,Shockoe Bottom CrossFit,CUT,306,244353,John-Paul,M,26,Hethcock,US,John-Paul Hethcock,46,92,Men
1.56,44747,Slovenia,86.2,Reebok CrossFit Ljubljana,CUT,181,842919,Aleks,M,26,Koštomaj,SI,Aleks Koštomaj,47,90,Men
1.77,,Hungary,84.8,,CUT,139,511473,Gábor,M,28,Török,HU,Gábor Török,48,86,Men
1.8,44660,Brazil,87.1,CrossFit Al Ain,CUT,142,686308,Guilherme,M,19,Malheiros,BR,Guilherme Malheiros,49,74,Men
1.77,,Argentina,79.8,,CUT,134,478414,Agustin,M,22,Richelme,AR,Agustin Richelme,50,66,Men
1.71,44734,Colombia,74.8,CrossFit Canarias,CUT,161,468290,Bryan,M,21,Hernández,CO,Bryan Hernández,51,53,Men
1.8,44655,Belgium,86.2,CrossFit Albi,CUT,165,677889,Alban,M,24,Dubois,BE,Alban Dubois,52,49,Men
1.8,44672,New Zealand,88,Thorndon CrossFit,CUT,138,221436,Luke,M,29,Fiso,NZ,Luke Fiso,53,48,Men
1.74,44758,Mexico,81.6,CrossFit 3 Sons,CUT,144,155471,Darwin,M,30,Perez,MX,Darwin Perez,54,47,Men
1.8,,Guatemala,88,,CUT,159,286311,Marlon,M,33,Azurdia,GT,Marlon Azurdia,55,46,Men
1.8,44732,Russian Federation,87.1,CrossFit Idol,CUT,133,1325298,Aleksandar,M,29,Ilin,RU,Aleksandar Ilin,56,45,Men
1.8,44610,Spain,73.9,CrossFit Zurriola,CUT,148,351417,Alexander,M,27,Anasagasti,ES,Alexander Anasagasti,57,41,Men
1.8,44596,United Arab Emirates,88,CrossFit Alioth,CUT,158,1697328,Mahmood,M,26,Shalan,AE,Mahmood Shalan,58,40,Men
1.55,44659,Slovakia,83.9,CrossFit BBros,CUT,149,119313,Erik,M,29,Toth,SK,Erik Toth,59,35,Men
1.74,44713,Greece,81.2,CrossFit North Zone,CUT,123,514502,Lefteris,M,29,Theofanidis,GR,Lefteris Theofanidis,60,34,Men
1.77,44755,Turkey,76.7,CrossFit Boran,CUT,166,231921,Ates,M,33,Boran,TR,Ates Boran,61,33,Men
1.89,44942,United States,93,Precision CrossFit,CUT,401,196667,Hunter,M,30,McIntyre,US,Hunter McIntyre,62,31,Men
1.83,44591,Luxembourg,95.3,CrossFit Invictus,CUT,156,160128,Connor,M,25,Nellans,LU,Connor Nellans,63,31,Men
1.56,,Croatia,91.2,,CUT,178,858387,Augustin,M,29,Vilicnik,HR,Augustin Vilicnik,64,31,Men
0.15,44696,Japan,83.9,BeeGrow CrossFit,CUT,171,849478,Shingo,M,32,Moromasa,JP,Shingo Moromasa,65,31,Men
1.74,44638,Jordan,79.8,CrossFit 962,CUT,172,315266,Amin,M,25,Attallah,JO,Amin Attallah,66,25,Men
0.03,44636,Venezuela,76.2,CrossFit 4 L,CUT,141,270266,Omar,M,27,Martinez,VE,Omar Martinez,67,24,Men
1.83,44719,Netherlands,91.2,CrossFit Finestrat,CUT,160,423302,Sam,M,22,Lubben,NL,Sam Lubben,68,23,Men
1.83,,Nigeria,87.1,,CUT,188,1692338,Uyi Nosa,M,29,Osawe,NG,Uyi Nosa Osawe,69,20,Men
1.56,44673,Austria,89.8,Triller CrossFit,CUT,147,275390,Christoph,M,31,Koerner,AT,Christoph Koerner,70,18,Men
1.83,44643,Ukraine,88.9,CrossFit Sea Energy,CUT,154,470906,Oleksandr,M,29,Shkoliarenko,UA,Oleksandr Shkoliarenko,71,18,Men
1.89,44690,Bosnia and Herzegovina,87.1,Tantum CrossFit,CUT,170,667464,Đorđe,M,24,Đurić,BA,Đorđe Đurić,72,16,Men
1.77,44729,Palestinian Territory,87.1,CrossFit Ramallah,CUT,168,1076087,Hamzeh,M,24,Tarefi,PS,Hamzeh Tarefi,73,13,Men
1.83,,Chile,89.8,,CUT,153,1178252,Piero,M,27,Gorichon,CL,Piero Gorichon,74,7,Men
1.77,,Tunisia,76.2,,CUT,196,844066,Marzougui,M,28,Mootez,TN,Marzougui Mootez,75,3,Men
1.55,44736,Zimbabwe,86.2,CrossFit Dignus,CUT,182,105253,Jean-Claude,M,27,Jardim,ZW,Jean-Claude Jardim,76,3,Men
1.8,44699,Kuwait,88,Circuit Plus CrossFit Shuwaikh,CUT,185,703126,Khalid,M,32,Aljarallah,KW,Khalid Aljarallah,77,-2,Men
1.83,44627,Paraguay,88,BIGG CrossFit Herrera,CUT,177,683220,Diego,M,28,Kemper,PY,Diego Kemper,78,-3,Men
1.83,,Romania,88,,CUT,162,213806,Severin,M,31,Irimia,RO,Severin Irimia,79,-4,Men
1.77,44628,Belize,77.1,CrossFit Subterranean,CUT,201,1523179,Vernon,M,30,Neal,BZ,Vernon Neal,80,-5,Men
1.74,44765,Portugal,83.9,CrossFit OPO,CUT,155,233855,João,M,24,Ferreira,PT,João Ferreira,81,-6,Men
1.55,44614,Dominican Republic,92.5,CrossFit Steel Factory,CUT,187,256607,Eusebio,M,34,Aldano,DO,Eusebio Aldano,82,-7,Men
1.8,44971,United States,86.2,CrossFit Crash,CUT,315,93473,Josh,M,30,Miller,US,Josh Miller,83,-8,Men
0.18,44633,Panama,83.9,Reebok CrossFit PTY,CUT,186,191624,Alvaro,M,33,Lopez,PA,Alvaro Lopez,84,-9,Men
1.8,44617,Canada,88.5,Tonic CrossFit,CUT,124,308712,Jean-Simon,M,25,Roy-Lemaire,CA,Jean-Simon Roy-Lemaire,85,-10,Men
1.8,44742,Philippines,83.9,Avant Garde CrossFit,CUT,183,434258,Justin,M,25,Hernandez,PH,Justin Hernandez,86,-11,Men
1.71,,Honduras,77.1,,CUT,189,345700,Franky,M,31,Wood,HN,Franky Wood,87,-12,Men
1.8,44596,United States,88.5,CrossFit Alioth,CUT,109,247005,Streat,M,24,Hoerner,US,Streat Hoerner,88,-13,Men
1.77,44647,Kenya,86.2,CrossFit Progression,CUT,215,1721,Jeremy,M,28,Mghenyi,KE,Jeremy Mghenyi,89,-14,Men
1.83,44603,United States,93,CrossFit T-Town,CUT,107,755342,Zachery,M,25,Buntin,US,Zachery Buntin,90,-15,Men
1.56,44685,Estonia,83,CrossFit Tartu,CUT,200,733576,Mihkel,M,24,Keldoja,EE,Mihkel Keldoja,91,-16,Men
1.74,44684,Bulgaria,73,CrossFit Worlds End,CUT,176,658408,Stavri,M,27,Stavrev,BG,Stavri Stavrev,92,-17,Men
1.77,44722,Uruguay,82.1,Instinto CrossFit,CUT,167,326958,Santiago,M,25,Comba,UY,Santiago Comba,93,-18,Men
1.55,44621,Poland,83,CrossFit R99,CUT,129,179080,Bartek,M,29,Lipka,PL,Bartek Lipka,94,-19,Men
1.55,44743,Tonga,81.2,CrossFit 3216,CUT,232,9839,Andre,M,36,Alipate,TO,Andre Alipate,95,-20,Men
1.89,44709,Guyana,90.7,CrossFit 592,CUT,213,595818,Dillon,M,23,Mahadeo,GY,Dillon Mahadeo,96,-21,Men
1.86,44681,Angola,96.2,Ultimate Burn CrossFit,CUT,195,1402559,Marco,M,30,Almeida,AO,Marco Almeida,97,-22,Men
1.8,44640,Iran,79.4,Diablo CrossFit,CUT,203,34025,Payam,M,32,Saljoughian,IR,Payam Saljoughian,98,-23,Men
1.74,44695,Bahrain,81.2,CrossFit Delmon,CUT,191,297397,Majid,M,28,Al Sharaf,BH,Majid Al Sharaf,99,-24,Men
1.56,44605,United States,90.7,Glass City CrossFit,CUT,110,571999,Richard Paul,M,29,Castillo,US,Richard Paul Castillo,100,-25,Men
1.55,44666,Czech Republic,89.8,CrossFit With Us,CUT,163,458360,David,M,24,Stroupek,CZ,David Stroupek,101,-26,Men
1.74,,Ecuador,79.8,,CUT,180,907105,Sebastian,M,22,Rodriguez,EC,Sebastian Rodriguez,102,-27,Men
1.55,44715,Belarus,92.1,CrossFit Kaban (departed),CUT,157,675164,Nikita,M,26,Yundov,BY,Nikita Yundov,103,-28,Men
1.74,,Malaysia,69.9,,CUT,206,25613,Edmund,M,33,Tan,MY,Edmund Tan,104,-29,Men
1.89,44768,Jamaica,85.7,Be CrossFit,CUT,208,495051,Sion,M,46,Brinn,JM,Sion Brinn,105,-30,Men
1.55,44723,Australia,89.8,CrossFit Townsville,CUT,126,337194,Bayden,M,24,Brown,AU,Bayden Brown,106,-31,Men
1.86,44774,United States,97.5,CrossFit Pallas,CUT,120,20698,Tim,M,29,Paulson,US,Tim Paulson,107,-32,Men
1.74,44739,"Korea, Republic of",78.9,CrossFit Limelight,CUT,150,278578,JiMoo,M,28,Son,KR,JiMoo Son,108,-33,Men
1.74,44620,Trinidad and Tobago,80.7,Igone CrossFit,CUT,197,227027,Mattheaus,M,28,Otero,TT,Mattheaus Otero,109,-34,Men
1.77,44707,Morocco,83.9,CrossFit The Flying V,CUT,198,32083,Karim,M,33,El Hlimi,MA,Karim El Hlimi,110,-35,Men
1.86,,Bahamas,88.5,,CUT,219,916290,David,M,28,Morley,BS,David Morley,111,-36,Men
1.89,44693,El Salvador,83.9,RD CrossFit,CUT,211,683301,Rodrigo,M,31,Beltrán,SV,Rodrigo Beltrán,112,-37,Men
1.8,44736,Lebanon,79.8,CrossFit Dignus,CUT,194,523439,Moustafa,M,29,Awada,LB,Moustafa Awada,113,-38,Men
1.55,44618,Saudi Arabia,83.9,966 CrossFit Al-Nahda,CUT,207,639107,Hussain,M,29,Saeedi,SA,Hussain Saeedi,114,-39,Men
1.71,44698,Peru,81.2,PUL CrossFit,CUT,174,915210,Jovaldo,M,30,Miranda,PE,Jovaldo Miranda,115,-40,Men
1.77,44650,Indonesia,69.9,CrossFit 6221,CUT,209,1129621,Mahendra,M,29,Arditirta,ID,Mahendra Arditirta,116,-41,Men
1.8,44726,Ghana,83.9,CrossFit Leeds,CUT,230,921544,Edem,M,28,Ahiaku,GH,Edem Ahiaku,117,-42,Men
1.74,44733,Kosovo,79.8,CrossFit HelvetiX,CUT,205,722854,Robert,M,32,Berisha,XK,Robert Berisha,118,-43,Men
1.74,44751,Costa Rica,83,Training PIT CrossFit,CUT,164,781908,William,M,28,Sanchez,CR,William Sanchez,119,-44,Men
1.55,44760,Barbados,86.2,CrossFit Hammersmith,CUT,214,352604,Richy,M,30,Jordan,BB,Richy Jordan,120,-45,Men
1.8,44687,Israel,72.1,CrossFit Florentin,CUT,151,327773,Yuval,M,31,Regev,IL,Yuval Regev,121,-46,Men
1.56,44651,Algeria,86.2,CrossFit TANKA,CUT,202,848265,Chaker,M,30,Alouni,DZ,Chaker Alouni,122,-47,Men
1.8,,Qatar,81.2,,CUT,225,235246,Khalid,M,30,Alhamadi,QA,Khalid Alhamadi,123,-48,Men
1.74,,Malta,79.8,,CUT,212,644351,Daryl,M,32,Borg,MT,Daryl Borg,124,-49,Men
1.55,44757,Iraq,83.9,CrossFit AKA,CUT,223,54259,Mustafa,M,29,El-Lari,IQ,Mustafa El-Lari,125,-50,Men
1.8,44668,Cyprus,90.7,CrossFit Limassol,CUT,169,296529,Achilleas,M,28,Pantazis,CY,Achilleas Pantazis,126,-51,Men
1.77,44750,Senegal,76.2,Casa CrossFit Anfa,CUT,229,1523543,Mody,M,39,Traore,SN,Mody Traore,127,-52,Men
1.77,44704,Italy,82.1,Reebok CrossFit Officine,CUT,140,544958,Stefano,M,30,Migliorini,IT,Stefano Migliorini,128,-53,Men
1.74,44749,Botswana,66.2,CrossFit Gaborone,CUT,231,1223806,Katlego,M,31,Kgwadi,BW,Katlego Kgwadi,129,-54,Men
1.74,44691,Saint Lucia,81.6,CrossFit 414,CUT,226,574502,Heskeith,M,38,Flavien,LC,Heskeith Flavien,130,-55,Men
1.8,,Mozambique,72.1,,CUT,233,851037,Pack,M,29,Santos,MZ,Pack Santos,131,-56,Men
1.74,44649,Cambodia,72.1,CrossFit Yiqi,CUT,222,555634,Kobe,M,31,Khy,KH,Kobe Khy,132,-57,Men
1.8,44705,Afghanistan,69.9,CrossFit Malmö,CUT,227,1306552,Sami,M,30,Salampur,AF,Sami Salampur,133,-58,Men
1.77,44761,Nicaragua,83.9,CrossFit FE,CUT,193,1122311,Arturocesar,M,21,Mora,NI,Arturocesar Mora,134T,-59,Men
1.71,44683,Pakistan,66.2,CrossFit BNB,CUT,216,457993,Bilal,M,31,Tariq,PK,Bilal Tariq,134T,-59,Men
1.8,44680,India,84.8,CrossFit 7 Seas,CUT,192,253911,Vedharth,M,25,Thappa,IN,Vedharth Thappa,134T,-59,Men
1.68,44712,Singapore,70.8,CrossFit Mobilus,CUT,199,425160,Ian,M,24,Wee,SG,Ian Wee,134T,-59,Men
1.8,44645,Bolivia,86.2,Hudson River CrossFit (departed),CUT,184,199533,J. Rodrigo,M,26,Agreda,BO,J. Rodrigo Agreda,138T,-63,Men
1.71,44728,Sri Lanka,73.5,CrossFit Ceylon,CUT,221,96918,Andy,M,30,Andrews,LK,Andy Andrews,138T,-63,Men
1.74,44721,Andorra,86.2,La Borda CrossFit,CUT,190,464588,Enric,M,32,Closa,AD,Enric Closa,138T,-63,Men
1.74,44975,Papua New Guinea,69.9,CrossFit Port Moresby,CUT,234,1095623,Kila,M,38,Kilaverave,PG,Kila Kilaverave,138T,-63,Men
1.65,44711,Viet Nam,63.5,AllSport CrossFit,CUT,228,839047,Keith,M,31,Nhan,VN,Keith Nhan,138T,-63,Men
1.8,44767,Denmark,83.9,CrossFit Reykjavík,CUT,127,18543,Frederik,M,32,Aegidius,DK,Frederik Aegidius,143T,,Men
1.55,44738,Oman,91.2,CrossFit Tempo,WD,218,1382942,Aslam,M,27,Al Shukaili,OM,Aslam Al Shukaili,143T,,Men
1.65,44632,Australia,58.1,CrossFit Mayhem,ACT,17,163097,Tia-Clair,F,25,Toomey,AU,Tia-Clair Toomey,1,1071,Women
1.65,44731,Norway,59,CrossFit Oslo,ACT,122,120480,Kristin,F,33,Holte,NO,Kristin Holte,2,876,Women
1.65,44663,New Zealand,61.2,CrossFit Yas,ACT,123,264512,Jamie,F,28,Greene,NZ,Jamie Greene,3,851,Women
1.74,44608,Iceland,68,CrossFit New England,ACT,15,55121,Katrín Tanja,F,26,Davidsdottir,IS,Katrin Tanja Davidsdottir,4,784,Women
1.62,44589,United States,63,CrossFit Spot,ACT,103,305891,Karissa,F,30,Pearce,US,Karissa Pearce,5,714,Women
1.71,44632,United States,64.9,CrossFit Mayhem,ACT,116,671666,Haley,F,18,Adams,US,Haley Adams,6,711,Women
1.74,44601,United States,70.3,Centerville CrossFit,ACT,104,174547,Amanda,F,27,Barnhart,US,Amanda Barnhart,7,706,Women
1.65,44951,United States,65.8,Streamline CrossFit,ACT,301,592472,Bethany,F,25,Shadburne,US,Bethany Shadburne,8,659,Women
1.62,44717,Greece,63,CrossFit Kallithea,ACT,167,252900,Anna,F,29,Fragkou,GR,Anna Fragkou,9,640,Women
1.68,44952,Iceland,59,CrossFit Zug,ACT,119,19501,Thuridur Erla,F,27,Helgadottir,IS,Thuridur Erla Helgadottir,10,611,Women
1.74,44754,United States,68,CrossFit Envy,CUT,108,349097,Danielle,F,23,Brandon,US,Danielle Brandon,11,376,Women
1.74,44767,Iceland,68.9,CrossFit Reykjavík,CUT,11,18588,Annie,F,29,Thorisdottir,IS,Annie Thorisdottir,12,370,Women
1.62,44598,Canada,65.3,CrossFit Colosseum,CUT,107,239148,Carolyne,F,29,Prevost,CA,Carolyne Prevost,13,365,Women
1.71,44640,Italy,70.3,Diablo CrossFit,CUT,130,37537,Alessandra,F,33,Pichelli,IT,Alessandra Pichelli,14,365,Women
1.74,44659,Hungary,68.9,CrossFit BBros,CUT,152,591912,Laura,F,22,Horvath,HU,Laura Horvath,15,356,Women
1.71,44603,United States,68,CrossFit T-Town,CUT,102,168305,Brooke,F,24,Wells,US,Brooke Wells,16,351,Women
1.68,44615,Canada,65.8,CrossFit Saint Jerome,CUT,126,103389,Carol-Ann,F,31,Reason-Thibault,CA,Carol-Ann Reason-Thibault,17,328,Women
1.74,44674,United Kingdom,61.2,CrossFit Black Five,CUT,13,2536,Samantha,F,37,Briggs,GB,Samantha Briggs,18,318,Women
1.74,,Canada,68,,CUT,314,484380,Emily,F,30,Rolfe,CA,Emily Rolfe,19,317,Women
1.77,44631,Iceland,68.9,CrossFit Sudurnes,CUT,121,8859,Ragnheiður Sara,F,26,Sigmundsdottir,IS,Ragnheiður Sara Sigmundsdottir,20,294,Women
1.68,44667,Ireland,64,CrossFit Berserk,CUT,128,239442,Emma,F,29,McQuaid,IE,Emma McQuaid,21,255,Women
1.74,44724,Slovakia,73,CrossFit Alpha Prime,CUT,127,698210,Karin,F,24,Freyová,SK,Karin Freyová,22,254,Women
1.58,44785,Australia,62.1,CrossFit Urge,CUT,303,21556,Madeline,F,22,Sturt,AU,Madeline Sturt,23,244,Women
1.71,44956,United States,68,CrossFit Queens,CUT,306,115892,Meg,F,27,Reardon,US,Meg Reardon,24,243,Women
1.58,44597,United States,57.6,CrossFit Mentality,CUT,112,252691,Feeroozeh,F,24,Saghafi,US,Feeroozeh Saghafi,25,237,Women
1.65,44607,United States,70.3,CrossFit Northlake,CUT,105,93497,Mekenzie,F,31,Riley,US,Mekenzie Riley,26,228,Women
1.71,44644,United States,76.2,SUBU CrossFit,CUT,124,670000,Dani,F,25,Speegle,US,Dani Speegle,27,226,Women
1.77,,United States,75.7,,CUT,117,245403,Colleen,F,29,Fotsch,US,Colleen Fotsch,28,222,Women
1.68,,Sweden,67.6,,CUT,131,2088,Camilla,F,28,Salomonsson Hellman,SE,Camilla Salomonsson Hellman,29,208,Women
1.68,44775,Australia,68.9,CrossFit Dux,CUT,118,477709,Courtney,F,24,Haley,AU,Courtney Haley,30,191,Women
1.62,44900,United States,64.9,CrossFit Vertex,CUT,310,531598,Paige,F,27,Semenza,US,Paige Semenza,31,171,Women
1.71,44957,Sweden,69.9,CrossFit Kungsholmen,CUT,305,887297,Emma,F,27,Tall,SE,Emma Tall,32,168,Women
1.62,44653,United States,61.2,CrossFit Iron Industry,CUT,114,106129,Carrie,F,27,Beamer,US,Carrie Beamer,33,167,Women
1.74,44611,France,68.9,CrossFit Lyon,CUT,138,330326,Carole,F,30,Castellani,FR,Carole Castellani,34,156,Women
1.77,44958,United States,69.9,CrossFit Ballina,CUT,311,43198,Lindsay,F,34,Vaughan,US,Lindsay Vaughan,35,152,Women
1.71,,Switzerland,66.2,,CUT,144,390443,Alessia Joy,F,25,Wälchli,CH,Alessia Joy Wälchli,36,152,Women
1.71,44657,Chile,64.9,CrossFit El Camino,CUT,146,635438,Simona,F,23,Quintana,CL,Simona Quintana,37,141,Women
1.8,44592,Sweden,79.8,CrossFit Riders,CUT,309,796219,Hanna,F,26,Karlsson,SE,Hanna Karlsson,38,132,Women
1.65,44953,Iceland,58.1,CrossFit EHOH,CUT,308,96750,Oddrún Eik,F,30,Gylfadottir,IS,Oddrún Eik Gylfadottir,39,125,Women
1.65,44955,United States,56.7,CrossFit Tradition,CUT,120,9759,Cheryl,F,34,Nasso,US,Cheryl Nasso,40,122,Women
0.15,44959,United States,59,CrossFit 915,CUT,312,279929,Rachel,F,27,Garibay,US,Rachel Garibay,41,100,Women
1.58,,South Africa,59.9,,CUT,304,505225,Michelle,F,30,Merand,ZA,Michelle Merand,42,98,Women
1.55,44690,Bosnia and Herzegovina,68.9,Tantum CrossFit,CUT,185,667707,Ksenija,F,30,Kecman,BA,Ksenija Kecman,43,90,Women
1.62,,United States,67.1,,CUT,113,238208,Katie,F,28,Trombetta,US,Katie Trombetta,44,89,Women
1.74,44671,Netherlands,71.2,CrossFit Punt Uit,CUT,143,248235,Leonie,F,25,Henrich,NL,Leonie Henrich,45,86,Women
1.71,44652,Belgium,69.9,InnerFight CrossFit DXB,CUT,137,103617,Carmen,F,30,Bosmans,BE,Carmen Bosmans,46,80,Women
1.71,44735,Norway,67.1,C23 CrossFit,CUT,111,299053,Jacqueline,F,27,Dahlstrøm,NO,Jacqueline Dahlstrøm,47,77,Women
1.71,44668,Cyprus,64.9,CrossFit Limassol,CUT,140,258629,Thelma,F,32,Christoforou,CY,Thelma Christoforou,48,74,Women
1.58,44630,Paraguay,55.8,Kingbull CrossFit,CUT,164,452187,Carol,F,26,Colling-Romero,PY,Carol Colling-Romero,49,71,Women
1.68,44604,United States,66.7,CrossFit Vero Beach,CUT,109,871307,McKenzie,F,27,Flinchum,US,McKenzie Flinchum,50,69,Women
1.62,44648,Germany,65.8,CrossFit Jackhammer,CUT,149,527011,Lisa,F,28,Eble,DE,Lisa Eble,51,54,Women
1.74,44954,United States,65.8,Root 18 CrossFit,CUT,307,151555,Erin,F,28,Vandendriessche,US,Erin Vandendriessche,52,48,Women
1.74,44670,Russian Federation,68.9,CrossFit 19.05,CUT,142,238026,Anastasiya,F,34,Ganina,RU,Anastasiya Ganina,53,46,Women
1.74,44759,Turkey,68,CrossFit SkyLight,CUT,182,350442,Neyran,F,37,Guneli,TR,Neyran Guneli,54,45,Women
1.62,44594,United States,68.9,Crucible CrossFit,CUT,110,115239,Brooke,F,30,Haas,US,Brooke Haas,55,44,Women
1.65,44639,Mexico,62.6,CrossFit Tigran,CUT,148,242149,Brenda,F,30,Castro,MX,Brenda Castro,56,43,Women
1.68,44725,Finland,68,CrossFit Kreis 9,CUT,135,39517,Emilia,F,32,Leppanen,FI,Emilia Leppanen,57,40,Women
1.62,44970,France,58.1,CrossFit Hanuman,CUT,315,120277,Sabrina,F,27,Caron,FR,Sabrina Caron,58,36,Women
1.74,44616,Australia,68,CrossFit RI,CUT,115,120247,Katelin,F,27,Van Zyl,AU,Katelin Van Zyl,59,36,Women
1.62,44692,Bulgaria,61.2,CrossFit Valeo,CUT,161,215510,Ralitza,F,30,Koterlitzova,BG,Ralitza Koterlitzova,60,35,Women
1.74,,Croatia,59.9,,CUT,174,120265,Tamara,F,35,Zulim,HR,Tamara Zulim,61,35,Women
1.55,44642,Colombia,59,Faster CrossFit,CUT,159,1299203,Maria Camila,F,23,Quintero,CO,Maria Camila Quintero,62,34,Women
1.71,44950,United States,63.5,Blues City CrossFit,CUT,302,235110,Taylor,F,28,Streid,US,Taylor Streid,63,32,Women
1.62,44740,Israel,68,CrossFit White City,CUT,156,855131,Nicole,F,27,Pettel,IL,Nicole Pettel,64,28,Women
1.8,44609,Brazil,73,CrossFit Gurkha,CUT,136,485089,Renata,F,36,Pimentel,BR,Renata Pimentel,65,28,Women
1.74,44620,Trinidad and Tobago,58.1,Igone CrossFit,CUT,200,244718,Lyndsay,F,29,Murray,TT,Lyndsay Murray,66,27,Women
1.55,44710,Japan,52.2,CrossFit Minatomirai,CUT,170,1055578,Akiko,F,30,Kamitani,JP,Akiko Kamitani,67,26,Women
1.65,44771,Guatemala,59,CrossFit Tecun Uman,CUT,166,359849,Vera,F,30,Valdez,GT,Vera Valdez,68,21,Women
1.68,44664,Luxembourg,60.8,Reebok CrossFit Valens,CUT,183,331478,Jacky,F,25,Schmitt,LU,Jacky Schmitt,69,19,Women
1.65,44742,Philippines,66.7,Avant Garde CrossFit,CUT,157,477570,Kristen,F,26,Lim,PH,Kristen Lim,70,18,Women
1.74,,Austria,64.9,,CUT,141,227678,Vanessa,F,28,Wagner,AT,Vanessa Wagner,71,18,Women
1.62,44622,India,54.4,CrossFit Wolvish,CUT,169,728984,Sanjana,F,26,Sivasalapathi,IN,Sanjana Sivasalapathi,72,18,Women
1.68,44686,Ukraine,63,CrossFit October,CUT,147,156732,Ganna,F,32,Almazova,UA,Ganna Almazova,73,17,Women
1.77,44679,Denmark,68,Lofteriet CrossFit,WD,133,695821,Julie,F,27,Hougård,DK,Julie Hougård,74,15,Women
1.8,44960,Sweden,68.9,CrossFit Walleye,CUT,313,468509,Alice,F,25,Mille,SE,Alice Mille,75,10,Women
1.52,44764,Costa Rica,57.2,Morpho CrossFit,CUT,172,517771,Marisol,F,35,Umana,CR,Marisol Umana,76,-1,Women
1.74,44654,Poland,72.1,CrossFit 72D,CUT,132,764556,Gabriela,F,20,Migała,PL,Gabriela Miga?a,77,-2,Women
1.58,44727,Spain,64,CrossFit Norte Redondela,CUT,139,683305,Sara Alicia,F,29,Fernandez Costas,ES,Sara Alicia Fernandez Costas,78,-3,Women
1.71,44770,Peru,65.8,Altair CrossFit,CUT,158,295501,Sofia,F,31,Bermeo,PE,Sofia Bermeo,79,-4,Women
1.71,,Malta,69.9,,CUT,165,1119795,Jessica,F,35,Borg Ghigo,MT,Jessica Borg Ghigo,80,-5,Women
1.62,44720,Nicaragua,63.5,Freakin CrossFit,CUT,180,978472,Fernanda,F,26,Saavedra,NI,Fernanda Saavedra,81,-6,Women
1.71,44666,Czech Republic,72.1,CrossFit With Us,CUT,150,663979,Sona,F,31,Karaskova,CZ,Sona Karaskova,82,-7,Women
1.58,44697,Oman,58.1,CrossFit Engine 38,CUT,192,498697,Pasent,F,31,Medhat,OM,Pasent Medhat,83,-8,Women
0.15,,Dominican Republic,55.3,,CUT,178,1351483,Sheerly,F,21,Bueno Reyes,DO,Sheerly Bueno Reyes,84,-9,Women
1.52,44625,Belize,54.4,CrossFit San Pedro Town,CUT,189,922058,Cricel,F,30,Castillo,BZ,Cricel Castillo,85,-10,Women
1.62,44623,United Arab Emirates,55.8,CrossFit MetaliZe,CUT,176,953791,Shahad,F,24,Budebs,AE,Shahad Budebs,86,-11,Women
1.74,44661,Estonia,68.9,Tallinn CrossFit,CUT,181,1217058,Anastassia,F,24,Psenitsnaja,EE,Anastassia Psenitsnaja,87,-12,Women
1.58,44716,Indonesia,58.1,CrossFit Limburg,CUT,191,899345,Citra,F,36,Ramaniya,ID,Citra Ramaniya,88,-13,Women
1.55,44619,Kuwait,61.2,CrossFit 965,CUT,196,297753,Hajer,F,32,Jamal,KW,Hajer Jamal,89,-14,Women
1.65,44729,Palestinian Territory,56.7,CrossFit Ramallah,CUT,212,661734,Marian,F,26,Khoury,PS,Marian Khoury,90,-15,Women
1.71,44640,Namibia,70.3,Diablo CrossFit,CUT,173,106380,Lara,F,31,Erlank,NA,Lara Erlank,91,-16,Women
0.03,44633,Panama,58.1,Reebok CrossFit PTY,CUT,179,1237131,Luaneth,F,20,Alveo,PA,Luaneth Alveo,92T,-17,Women
1.55,,Malaysia,54,,CUT,199,451905,Amira,F,28,Ayob,MY,Amira Ayob,92T,-17,Women
1.65,44748,Bolivia,58.1,Barra Norte CrossFit,CUT,155,737357,Martha,F,32,Berrocal,BO,Martha Berrocal,92T,-17,Women
1.62,,Romania,59.9,,CUT,151,456619,Oana Catalina,F,32,Chelmus,RO,Oana Catalina Chelmus,92T,-17,Women
1.68,44744,Belarus,68,Mad Hall CrossFit,CUT,184,685943,Tatiana,F,19,Diakou,BY,Tatiana Diakou,92T,-17,Women
1.74,44624,Barbados,59,CrossFit Towards,CUT,190,239902,Kira,F,37,Oliver,BB,Kira Oliver,92T,-17,Women
1.68,44629,Ecuador,74.8,Lycan CrossFit,CUT,171,239210,Andrea,F,33,Rodriguez,EC,Andrea Rodriguez,92T,-17,Women
1.55,,Argentina,62.6,,CUT,134,534577,Melina,F,23,Rodriguez,AR,Melina Rodriguez,92T,-17,Women
1.55,44637,South Africa,79.8,CrossFit Tijger Valley,CUT,154,101929,Dina,F,30,Swift,ZA,Dina Swift,92T,-17,Women
1.71,44763,Suriname,62.1,Rock CrossFit Paramaribo,CUT,210,1280595,Ava,F,17,Zalman,SR,Ava Zalman,92T,-17,Women
1.65,44646,"Korea, Republic of",58.1,CrossFit Zest,CUT,162,56664,Heidi,F,33,Choi,KR,Heidi Choi,102T,-27,Women
1.62,44712,Singapore,59.9,CrossFit Mobilus,CUT,187,444527,Landy Pui Boon,F,30,Eng,SG,Landy Pui Boon Eng,102T,-27,Women
1.55,44703,Egypt,59.9,CrossFit Tycoons,CUT,163,1192351,Aya,F,25,Fouad,EG,Aya Fouad,102T,-27,Women
1.68,44706,Uruguay,59.9,CrossFit Del Sur,CUT,175,345836,Victoria,F,28,Frascolla,UY,Victoria Frascolla,102T,-27,Women
1.55,44660,Syrian Arab Republic,53.1,CrossFit Al Ain,CUT,211,1203632,Alaa,F,32,Hannora,SY,Alaa Hannora,102T,-27,Women
1.65,44718,China,63,CrossFit X Ray,CUT,168,893571,Tsai-Jui,F,26,Hung,CN,Tsai-Jui Hung,102T,-27,Women
1.58,44730,Brunei Darussalam,59.9,Reebok CrossFit 673,CUT,193,586509,Nina,F,27,Juna,BN,Nina Juna,102T,-27,Women
1.68,44745,Morocco,65.8,CrossFit Ain Diab,CUT,205,1037933,Sanaa,F,31,Mandar,MA,Sanaa Mandar,102T,-27,Women
1.8,44656,Kenya,68,CrossFit TDS (Inactive),CUT,204,1111705,Sheena,F,36,Miller,KE,Sheena Miller,102T,-27,Women
1.71,,Honduras,61.2,,CUT,160,687711,Gabriela,F,28,Perez,HN,Gabriela Perez,102T,-27,Women
1.65,44675,Portugal,60.8,CrossFit Feira,CUT,153,382954,Sara,F,30,Pinto,PT,Sara Pinto,102T,-27,Women
1.68,44678,Tunisia,65.8,Reebok CrossFit Louvre,CUT,194,106999,Jessica,F,38,Sanki,TN,Jessica Sanki,102T,-27,Women
1.58,44694,Lebanon,57.6,CrossFit 309,CUT,195,1169213,Danielle,F,26,Shanine,LB,Danielle Shanine,102T,-27,Women
1.71,44641,Lithuania,63.5,Patriot CrossFit,CUT,198,246355,Vilija,F,43,Teel,LT,Vilija Teel,102T,-27,Women
1.25,44769,El Salvador,52.2,CrossFit Fortaleza,CUT,201,671201,Patricia,F,44,Trujillo,SV,Patricia Trujillo,102T,-27,Women
1.74,44709,Guyana,66.7,CrossFit 592,CUT,206,1131171,Delice,F,21,Adonis,GY,Delice Adonis,117T,-42,Women
1.8,44638,Jordan,73.9,CrossFit 962,CUT,177,419506,Dema,F,33,Al Zebdieh,JO,Dema Al Zebdieh,117T,-42,Women
1.68,44682,Saudi Arabia,69.9,CrossFit AlKhobar,CUT,202,768482,Amal,F,34,Alshahrani,SA,Amal Alshahrani,117T,-42,Women
1.68,44772,Mozambique,59.9,Super Set CrossFit,CUT,221,1521380,Zaida,F,41,Amade,MZ,Zaida Amade,117T,-42,Women
0.15,44634,Samoa,73,CrossFit NWA,CUT,203,488881,MariaNive,F,37,Clark,WS,MariaNive Clark,117T,-42,Women
1.74,44612,Venezuela,72.1,CrossFit Soul Miami,CUT,145,277184,Laura,F,25,Gonzalez-Marin,VE,Laura Gonzalez-Marin,117T,-42,Women
1.77,,Latvia,65.8,,CUT,186,683201,Krista,F,27,Kraskura,LV,Krista Kraskura,117T,-42,Women
1.65,44714,Bahamas,73.5,CrossFit Potcake,CUT,219,280553,Chanelle,F,41,Munroe,BS,Chanelle Munroe,117T,-42,Women
1.65,44613,Pakistan,56.2,Norwottuck CrossFit,CUT,217,975294,Mishka,F,34,Murad,PK,Mishka Murad,117T,-42,Women
1.62,44746,Viet Nam,57.2,CrossFit Thao Dien,CUT,216,1176528,Trang,F,27,Nguyen,VN,Trang Nguyen,117T,-42,Women
1.62,44749,Botswana,63,CrossFit Gaborone,CUT,215,1218177,Cingiwe Ciegy,F,35,Seru,BW,Cingiwe Ciegy Seru,117T,-42,Women
1.74,44721,Andorra,64,La Borda CrossFit,CUT,208,1243131,Miriam,F,25,Torra,AD,Miriam Torra Sola,117T,-42,Women
1.65,,Serbia,64.9,,CUT,188,1521928,Tamara,F,23,Trumbetaš,RS,Tamara Trumbetaš,117T,-42,Women
0.15,44728,Sri Lanka,59,CrossFit Ceylon,CUT,214,661943,Keshini,F,22,Vitharana,LK,Keshini Vitharana,117T,-42,Women
1.68,44635,Mauritius,77.1,UPT CrossFit,CUT,218,889971,Melanie,F,33,Yip Woon Sun,MU,Melanie Yip Woon Sun,117T,-42,Women
1.55,44852,United States,87.1,CrossFit 061,ACT,351,5312,Nicholas,X,35,Urankar,US,Nicholas Urankar,1,650,Men (35-39)
1.55,44880,United States,83.9,CrossFit Rage,ACT,359,4895,Jordan,X,35,Troyan,US,Jordan Troyan,2,600,Men (35-39)
1.55,44875,Iceland,91.2,CrossFit Akureyri,ACT,357,125959,Sigurður,X,35,Þrastarson,IS,Sigurður Þrastarson,3,580,Men (35-39)
1.77,44925,France,91.6,CrossFit Saintes,ACT,355,164390,Alexandre,X,39,Jolivet,FR,Alexandre Jolivet,4,560,Men (35-39)
0.15,44842,Canada,88.5,CrossFit RDL,ACT,356,255163,Michael,X,37,Laverriere,CA,Michael Laverriere,5,500,Men (35-39)
1.55,44767,Iceland,82.1,CrossFit Reykjavík,ACT,358,112137,Stefan Helgi,X,36,Einarsson,IS,Stefan Helgi Einarsson,6,400,Men (35-39)
1.55,44906,United States,88.5,CrossFit Duratus,ACT,354,59012,Kevin,X,37,Longmeier,US,Kevin Longmeier,7,400,Men (35-39)
1.65,44946,United States,70.3,Sumner CrossFit,ACT,360,100797,Mike,X,35,Abgarian,US,Mike Abgarian,8,380,Men (35-39)
1.56,44705,Sweden,91.2,CrossFit Malmö,ACT,352,1433136,David Santa Cruz,X,37,Borgstrand,SE,David Santa Cruz Borgstrand,9,280,Men (35-39)
1.77,44936,United States,86.2,CrossFit Kinesis,WD,353,25569,Kyle,X,37,Kasperbauer,US,Kyle Kasperbauer,10,,Men (35-39)
1.71,44912,United States,64.9,T2 CrossFit,ACT,356,9440,Anna,X,36,Tobias,US,Anna Tobias,1,690,Women (35-39)
1.58,44928,United States,62.1,CrossFit Saint Helens,ACT,357,16973,Carleen,X,35,Mathews,US,Carleen Mathews,2,600,Women (35-39)
1.8,44937,United States,68.9,CrossFit Training Yard,ACT,354,8015,Rebecca,X,38,Voigt Miller,US,Rebecca Voigt Miller,3,580,Women (35-39)
1.55,44910,United States,61.2,CrossFit Billings,ACT,353,313257,Hope,X,36,Cicero,US,Hope Cicero,4,540,Women (35-39)
1.62,44888,New Zealand,59,CrossFit Active,ACT,352,235218,Alethea,X,35,Boon,NZ,Alethea Boon,5,530,Women (35-39)
1.68,44823,Switzerland,62.1,CrossFit Turicum,ACT,351,290001,Ursula,X,38,Fasel,CH,Ursula Fasel,6,420,Women (35-39)
1.55,44828,Brazil,64.9,Etto CrossFit,ACT,355,527325,Susana,X,35,Rodrigues Etto,BR,Susana Rodrigues Etto,7,330,Women (35-39)
1.58,44591,United States,59,CrossFit Invictus,ACT,alt,51083,Jenn,X,39,Ryan,US,Jenn Ryan,8,320,Women (35-39)
1.52,44841,United States,54.4,CrossFit SEO,ACT,360,26745,Jolene,X,35,Quirke,US,Jolene Quirke,9,290,Women (35-39)
1.68,44921,United States,66.7,Great Woods CrossFit,ACT,359,121354,Corrin,X,36,Lemieux,US,Corrin Lemieux,10,130,Women (35-39)
1.77,44930,United States,86.2,5280 CrossFit,ACT,407,532455,Jason,X,43,Grubb,US,Jason Grubb,1,640,Men (40-44)
1.55,44904,United Kingdom,90.7,In2 CrossFit Farnham,ACT,410,318213,Richard,X,40,Vint,GB,Richard Vint,2,510,Men (40-44)
1.86,44887,Canada,90.7,Fort to Fort CrossFit,ACT,403,252855,Robbie,X,42,Perovich,CA,Robbie Perovich,3,510,Men (40-44)
1.95,44866,Australia,98,Injustice CrossFit,ACT,409,278759,Caine,X,40,Hayes,AU,Caine Hayes,4,450,Men (40-44)
1.8,44591,United States,77.1,CrossFit Invictus,ACT,405,29109,Nuno,X,40,Costa,US,Nuno Costa,5,420,Men (40-44)
1.55,44929,South Africa,91.2,CrossFit Algoa,ACT,404,8743,David,X,41,Levey,ZA,David Levey,6,420,Men (40-44)
1.56,44816,United States,85.3,CrossFit Southie,ACT,406,167005,Brian,X,41,Campbell,US,Brian Campbell,7,400,Men (40-44)
1.86,44923,United States,94.3,CrossFit SPT,ACT,402,171764,Heath,X,40,Moody,US,Heath Moody,8,390,Men (40-44)
1.55,44820,United States,94.8,CrossFit PR Star,ACT,401,168610,Tony,X,40,Kurz,US,Tony Kurz,9,380,Men (40-44)
1.8,44848,United States,72.6,Superhero CrossFit,ACT,408,86878,Chris,X,41,Anderson,US,Chris Anderson,10,370,Men (40-44)
1.55,44922,United States,56.7,CrossFit Train 97333,ACT,402,259327,Joey,X,41,Kimdon,US,Joey Kimdon,1,700,Women (40-44)
1.74,44903,United Kingdom,72.1,CrossFit Southampton,ACT,407,107129,Kelly,X,41,Friel,GB,Kelly Friel,2,610,Women (40-44)
1.71,44843,Canada,67.1,CrossFit Indestri,ACT,401,421299,Deanna,X,40,Posey,CA,Deanna Posey,3,560,Women (40-44)
1.68,44941,United States,65.8,Codite CrossFit,ACT,403,226482,Jenna,X,40,Larson,US,Jenna Larson,4,510,Women (40-44)
1.65,44881,United Kingdom,63,Battersea District CrossFit,ACT,410,434123,Alexis,X,40,Rufus,GB,Alexis Rufus,5,500,Women (40-44)
1.65,44867,United States,68,CrossFit Majestic,ACT,404,256330,Michelle,X,42,Suozzi,US,Michelle Suozzi,6,460,Women (40-44)
1.52,44882,United States,52.2,CrossFit Springfield,ACT,405,172716,Melissa,X,41,Wistrom,US,Melissa Wistrom,7,420,Women (40-44)
1.68,44867,United States,70.3,CrossFit Majestic,ACT,409,650145,Kim,X,41,Mullins,US,Kim Mullins,8,310,Women (40-44)
1.68,44920,Canada,63.5,CrossFit Adm,CUT,408,15182,Stephanie,X,41,Roy,CA,Stephanie Roy,9,160,Women (40-44)
1.71,44897,United States,66.7,CrossFit Viento,WD,406,12348,Karen,X,44,McCadam,US,Karen McCadam,10,40,Women (40-44)
1.74,44861,United States,78.5,Renewed Strength CrossFit,ACT,458,631875,Joel,X,45,Hughes,US,Joel Hughes,1,740,Men (45-49)
1.74,44829,United States,83.9,CrossFit Garwood,ACT,451,116627,Justin,X,45,Lasala,US,Justin Lasala,2,640,Men (45-49)
1.74,44836,United States,77.6,CrossFit Galvanize,ACT,454,26902,Chad,X,45,Augustin,US,Chad Augustin,3,520,Men (45-49)
1.74,44879,Italy,79.8,CrossFit San Benedetto del Tronto,ACT,456,95809,Bernard,X,48,Luzi,IT,Bernard Luzi,4,510,Men (45-49)
1.55,44885,United States,83.9,CrossFit Florian,ACT,457,112592,Clint,X,47,Paddock,US,Clint Paddock,5,410,Men (45-49)
1.77,44858,United States,81.6,CrossFit 215,ACT,452,17714,Mike,X,45,Rando,US,Mike Rando,6,400,Men (45-49)
1.68,44915,United States,74.8,CrossFit Chomp City,ACT,453,76101,Bob,X,49,Ruano,US,Bob Ruano,7,390,Men (45-49)
1.8,44822,Italy,81.2,CrossFit Teramo,ACT,460,278581,Giulio,X,46,Silvino,IT,Giulio Silvino,8,270,Men (45-49)
1.56,44818,United States,83.9,Offshore CrossFit,ACT,455,110150,Bob,X,46,Jennings,US,Bob Jennings,9,210,Men (45-49)
1.71,44632,United States,79.4,CrossFit Mayhem,WD,459,13342,Bruce,X,46,Thomas,US,Bruce Thomas,10,350,Men (45-49)
1.65,44914,United States,66.7,CrossFit Trison,ACT,452,9184,Janet,X,45,Black,US,Janet Black,1,640,Women (45-49)
1.71,44835,United States,62.6,Spartan CrossFit,ACT,460,244482,Semma,X,45,Burba,US,Semma Burba,2,600,Women (45-49)
1.55,44864,Canada,66.2,Endeavor Fitness CrossFit Invermere,ACT,451,21214,Jolaine,X,47,Undershute,CA,Jolaine Undershute,3,580,Women (45-49)
1.55,44854,United States,57.2,CrossFit Advanced,ACT,454,413700,Tracy,X,47,O'Connell,US,Tracy O'Connell,4,550,Women (45-49)
1.74,44933,United States,64.9,CrossFit Reston,ACT,457,294840,Stephanie,X,45,Brennan,US,Stephanie Brennan,5,520,Women (45-49)
1.68,44918,United States,61.2,Pee Dee CrossFit,ACT,456,178647,Nicole,X,46,Abbott,US,Nicole Abbott,6,410,Women (45-49)
1.58,44869,United States,60.3,CrossFit AllStar,ACT,455,8770,Cheryl,X,48,Brost,US,Cheryl Brost,7,390,Women (45-49)
1.58,44874,United States,57.2,C4 CrossFit,ACT,458,8618,Aida,X,45,Koepplinger,US,Aida Koepplinger,8,350,Women (45-49)
1.58,44594,United States,61.2,Crucible CrossFit,ACT,453,50423,Jennifer,X,45,Dieter,US,Jennifer Dieter,9,340,Women (45-49)
1.68,44877,Russian Federation,68,CrossFit Berloga,WD,459,586578,Elena,X,48,Kulik,RU,Elena Kulik,10,20,Women (45-49)
1.77,44870,United States,77.1,Kirkland CrossFit,ACT,502,721301,Kevin,X,52,Koester,US,Kevin Koester,1,630,Men (50-54)
1.83,,United States,86.2,,ACT,501,297488,Gregg,X,50,Geerdes,US,Gregg Geerdes,2,620,Men (50-54)
1.56,44819,United States,85.3,CrossFit Dark Side,ACT,503,33259,Vic,X,50,McQuaide,US,Vic McQuaide,3,590,Men (50-54)
1.55,44833,United States,83.9,CrossFit Commence,ACT,506,153858,Jody,X,51,Hendrix,US,Jody Hendrix,4,520,Men (50-54)
1.8,44855,Brazil,84.8,CrossFit Canal,ACT,504,825700,Leonardo Wernersbach,X,52,Lima,BR,Leonardo Wernersbach Lima,5,500,Men (50-54)
1.77,44777,United Kingdom,86.2,Blitz CrossFit,ACT,508,519096,Patrick,X,52,Murray,GB,Patrick Murray,6,490,Men (50-54)
1.86,44831,United States,90.7,CrossFit Huntsville,ACT,505,121517,Paul,X,54,McCrary,US,Paul McCrary,7,350,Men (50-54)
1.68,44878,United States,72.1,Warlock CrossFit,ACT,507,50856,Charles,X,50,Russo,US,Charles Russo,8,320,Men (50-54)
1.8,44834,United States,85.3,CrossFit West Plains,ACT,509,109071,Ryan Joe,X,51,Hamby,US,Ryan Joe Hamby,9,310,Men (50-54)
1.83,44945,United States,102.1,Long Branch CrossFit,WD,510,241233,Mark,X,52,Ziolkowski,US,Mark Ziolkowski,10,140,Men (50-54)
1.74,44857,United States,64.4,Cottontown CrossFit,ACT,506,710834,Jana,X,50,Slyder,US,Jana Slyder,1,650,Women (50-54)
1.65,44916,United States,59,CrossFit The Club,ACT,502,42565,Chris,X,50,Nelson,US,Chris Nelson,2,630,Women (50-54)
1.71,44876,Canada,65.8,CrossFit Aurora Central,ACT,503,109033,Joyanne,X,50,Cooper,CA,Joyanne Cooper,3,540,Women (50-54)
1.65,44891,France,57.2,CrossFit Louvre II,ACT,505,213252,Francoise,X,50,Mahier,FR,Francoise Mahier,4,530,Women (50-54)
1.62,44863,Mexico,59.9,CrossFit Tayburun,ACT,507,729204,Maricruz,X,51,Prieto,MX,Maricruz Prieto,5,490,Women (50-54)
1.58,44888,Australia,59.4,CrossFit Active,ACT,501,321495,Belinda,X,50,Halcrow,AU,Belinda Halcrow,6,480,Women (50-54)
1.65,44847,United States,65.8,CrossFit Coeur D'Alene,ACT,504,505635,Tia,X,50,Vesser,US,Tia Vesser,7,420,Women (50-54)
1.74,44932,United States,63.5,CrossFit EGA,ACT,508,80344,Alexia,X,52,Fineman,US,Alexia Fineman,8,320,Women (50-54)
1.65,44784,Australia,59,CrossFit Torian,ACT,509,195717,Deborah,X,51,Schedue,AU,Deborah Schedue,9,280,Women (50-54)
1.74,44756,Sweden,64,CrossFit Nordic,WD,510,55291,Jessica,X,50,Clevenvik,SE,Jessica Clevenvik,10,120,Women (50-54)
1.86,44919,United States,90.7,Resilience CrossFit,ACT,553,111119,Joe,X,55,Ames,US,Joe Ames,1,530,Men (55-59)
1.83,44886,United States,93,CrossFit Unrestrained,ACT,558,38826,Ken,X,56,Idler,US,Kenneth Idler,2,530,Men (55-59)
1.65,44840,United States,68.9,Aloha CrossFit,ACT,552,123429,Allen,X,55,Duarte,US,Allen Duarte,3,520,Men (55-59)
1.8,44880,United States,77.1,CrossFit Rage,ACT,551,53380,Kurt,X,55,Stein,US,Kurt Stein,4,490,Men (55-59)
1.55,44838,Canada,79.4,CrossFit Mozomo,ACT,555,12819,Bruce,X,55,Young,CA,Bruce Young,5,460,Men (55-59)
1.8,,United States,82.6,,ACT,559,59899,Will,X,59,Powell,US,Will Powell,6,390,Men (55-59)
1.77,44896,United States,76.2,Ocean State CrossFit,ACT,557,299915,Stuart,X,56,Swanson,US,Stuart Swanson,7,350,Men (55-59)
1.83,44902,United States,83.9,CrossFit Balance,ACT,560,56292,Vincent,X,56,Lopez,US,Vincent Lopez,8,280,Men (55-59)
1.83,44797,United States,90.7,CrossFit 417,ACT,556,221046,Rob,X,55,Bernet,US,Rob Bernet,9,260,Men (55-59)
1.68,44924,Canada,63.5,CrossFit Saskatoon,ACT,551,13983,Laurie,X,55,Meschishnick,CA,Laurie Meschishnick,1,640,Women (55-59)
1.71,44817,United States,64.9,Custer CrossFit,ACT,554,19241,Linda,X,55,Elstun,US,Linda Elstun,2,550,Women (55-59)
1.65,44893,Netherlands,65.3,CrossFit Vlaardingen,ACT,552,27530,Marion,X,55,Valkenburg,NL,Marion Valkenburg,3,460,Women (55-59)
1.65,44898,United States,63.5,CrossFit San Benito,ACT,553,29279,Hylie,X,56,Thompson,US,Hylie Thompson,4,430,Women (55-59)
1.62,44844,United States,59.9,CrossFit Type 44,ACT,556,215328,April,X,55,Watkins,US,April Watkins,5,390,Women (55-59)
1.58,44888,Australia,56.7,CrossFit Active,ACT,560,24334,Lynne,X,59,Knapman,AU,Lynne Knapman,6,380,Women (55-59)
1.65,44905,Australia,63,CrossFit Origin,ACT,555,261786,Judith,X,56,Tynan,AU,Judith Tynan,7,320,Women (55-59)
1.68,44884,United States,65.8,CrossFit Westchase Largo,ACT,559,100338,Sue,X,56,Velott,US,Sue Velott,8,250,Women (55-59)
1.74,44909,New Zealand,59,Functional Strength CrossFit,ACT,558,13813,Debbie,X,57,Downing,NZ,Debbie Downing,9,220,Women (55-59)
1.58,44895,United States,59,CrossFit Vex,WD,557,1900,Mary Beth,X,58,Prodromides,US,Mary Beth Prodromides,10,240,Women (55-59)
1.56,44926,United States,84.4,CrossFit 1st State,ACT,601,750230,Paul,X,60,Perna,US,Paul Perna,1,520,Men (60+)
1.86,,Canada,90.7,,ACT,606,24918,Gord,X,60,MacKinnon,CA,Gord MacKinnon,2,490,Men (60+)
1.55,44837,Canada,90.7,CrossFit Connection,ACT,602,283002,Dan,X,60,Brannagan,CA,Dan Brannagan,3,480,Men (60+)
1.74,44827,United States,74.4,CrossFit Adrenaline,ACT,603,536200,Carl,X,60,Giuffre,US,Carl Giuffre,4,470,Men (60+)
1.71,44934,Iceland,73.9,CrossFit Sport,ACT,605,18975,Hilmar,X,62,Hardarson,IS,Hilmar Hardarson,5,460,Men (60+)
1.77,44939,United States,73.9,CrossFit SolaFide,ACT,607,57724,David,X,63,Hippensteel,US,David Hippensteel,6,400,Men (60+)
1.55,44853,United States,81.6,The Arena Nevada CrossFit,ACT,608,464020,Michael,X,61,Brown,US,Michael Brown,7,340,Men (60+)
1.56,44890,United States,79.4,Double Down CrossFit,ACT,604,661916,Ken,X,60,Wellner,US,Ken Wellner,8,310,Men (60+)
1.55,44949,United States,72.6,CrossFit Beaufort,ACT,610,256405,David,X,61,Hardie,US,David Hardie,9,290,Men (60+)
1.77,44815,United States,74.8,CrossFit Dallas Central,ACT,609,522158,Tom,X,60,de Nolf,US,Tom de Nolf,10,140,Men (60+)
1.68,44917,Canada,55.8,CrossFit West Vancouver,ACT,601,150577,Susan,X,60,Clarke,CA,Susan Clarke,1,700,Women (60+)
1.77,44830,Canada,67.6,CrossFit Lindsay,ACT,603,330392,Patricia,X,60,McGill,CA,Patricia McGill,2,540,Women (60+)
1.62,44873,New Zealand,58.1,CrossFit Central Wellington,ACT,602,145039,Pauline,X,61,Sciascia,NZ,Pauline Sciascia,3,410,Women (60+)
1.58,44849,United States,55.8,Roughrider CrossFit (departed),ACT,608,819703,Sue,X,60,Lawson,US,Sue Lawson,4,400,Women (60+)
1.71,44909,New Zealand,59.9,Functional Strength CrossFit,ACT,604,243666,Diana,X,60,Flynn,NZ,Diana Flynn,5,400,Women (60+)
1.65,44947,United States,71.2,CrossFit Uncommon,ACT,610,198927,Julie,X,62,Holt,US,Julie Holt,6,380,Women (60+)
1.62,44856,United States,53.1,Reebok CrossFit Medfield,ACT,605,312883,Carol Lynn,X,62,Thistle,US,Carol Lynn Thistle,7,310,Women (60+)
1.25,44782,United States,50.8,Ft. Wright CrossFit,ACT,607,32842,Elizabeth,X,62,Cole,US,Elizabeth Cole,8,290,Women (60+)
1.68,44821,Canada,57.2,CrossFit Living The Dream Ajax,ACT,606,702085,Christine,X,60,Long,CA,Christine Long,9,250,Women (60+)
1.68,44907,Canada,55.8,CrossFit Lions,WD,609,62910,Debby,X,60,Cook,CA,Debby Cook,10,190,Women (60+)
